geo,name,1980,1981,1982,1983,1984,1985,1986,1987,1988,1989,1990,1991,1992,1993,1994,1995,1996,1997,1998,1999,2000,2001,2002,2003,2004,2005,2006,2007,2008,2009,2010,2011,2012,2013,2014,2015,2016,2017,2018,2019,2020,2021,2022,2023
afg,Afghanistan,132.57,134.55,134.79,134.95,136.47,139.46,143.13,144.63,145.59,147.35,149.38,148.58,149.31,154.35,157.2,159.49,160.46,161.18,160.22,164.95,166.93,168.01,162.57,172.53,187.62,197.14,207.56,219.58,232.59,248.24,262.62,272.72,285.07,300.85,317.58,340.08,354.57,373.09,391.62,421.21,439.94,509.98,507.95,526.98
ago,Angola,221.16,230.27,239.38,247.61,252.53,263.15,277.48,286.32,295,318.58,319.96,327.9,336.97,354.47,373.47,374.6,348.32,351.01,401.16,434.69,451.06,479.49,506.19,531.02,564.38,601.31,680.71,752.24,828.49,912.13,991.36,1066.03,1137.3,1271.5,1436.29,1498.59,1468.2,1475.87,1554.46,1676.87,1767.39,1959.8,2337.63,2635.91
alb,Albania,81.75,84.15,86.94,90,92.75,96.75,96.92,96.65,98.1,101.62,103.61,102.05,102.11,103.21,103.91,110.56,115.98,116.38,126.89,129.46,138.61,142.05,152.35,165.7,171.07,172.74,176.06,164.74,171.86,174.36,178.07,179.81,185.69,193.8,202.68,212.32,220.15,229.59,226.54,230.75,228.48,238.98,246.24,217.28
and,Andorra,2.64,2.83,3.02,3.21,3.43,3.66,3.89,4.15,4.43,4.67,4.93,5.21,5.53,5.94,6.15,6.42,6.77,7.11,7.45,7.77,8.13,8.5,8.93,9.3,9.61,9.75,10.01,10.43,10.78,11.08,11.34,10.5,10.32,10.52,10.87,11.26,11.54,12.07,12.57,13.18,13.49,14.28,15.29,16.01
are,UAE,30.4,32.5,34.47,36.58,39.07,41.39,42.7,43.97,45.51,47.43,49.99,52.16,53.9,57.45,60.82,62.31,64.74,68.89,75.82,80.76,88.59,92.29,91.6,93.95,102.76,112.97,118.85,131.48,141.12,149.93,150.58,153.76,155.62,160.64,169.44,175.03,181.95,189.08,195.44,209.47,211.72,217.63,243.18,277.47
arg,Argentina,4000.24,4148.94,4210.19,4433.08,4629.76,4638.46,4692.49,4939.54,5151.51,5199.36,5394.49,5458.22,5603.23,5743.71,5740.08,6001.67,6184.11,6350.06,6564.43,6656.51,6588.82,6758.1,6852.37,7150.87,7083.78,7117.91,7102.21,7328.21,7088.67,7160.96,7387.01,7347.62,7385.38,7545.65,7496.74,7630.26,7842.86,7798.74,7594.48,7680.9,7325.36,7786.14,8625.47,8191.48
arm,Armenia,262.77,265.72,263.63,271.23,288.19,301.81,316.57,333.98,312.16,393.13,442.99,456.52,475.94,487.52,485.67,488.81,509.06,524.74,553.32,575.03,577.63,585.7,604.65,615.49,606.52,549.12,538.13,559.47,567.87,580.9,585.27,578.7,576.01,539.09,526.78,535.94,519.21,513,504.71,529.85,519.15,517.27,491.34,425.71
atg,Antigua and Barbuda,7.17,7.17,7.18,7.21,7.16,7.15,7.11,7.25,7.14,7.81,8.16,8.09,8.28,8,8.49,8.67,8.82,8.69,8.61,8.89,9.75,9.82,10.35,10.51,10.82,10.85,10.66,11.07,11.2,11.41,12.01,12.5,12.93,13.09,13.62,14.1,14.7,15.43,15.8,16.06,16.4,16.79,17.83,18.8
aus,Australia,1991.46,2073.16,2186.5,2264.17,2371.99,2428.61,2440.64,2521.87,2626.28,2723.92,2722.94,2756.3,2784.19,2877.99,2935.63,2940.44,2949.93,2907.3,2889.29,2860.26,2869.19,2931.55,3035.32,3077.59,3061.24,3056.17,3040.91,3100.67,3200.14,3170.69,3230.79,3268.52,3223.97,3224.91,3262.77,3348.92,3362.92,3356.69,3439.35,3604.66,3482.6,3619.82,3688.16,3742.12
aut,Austria,1615.45,1630.34,1641.84,1670.41,1704.5,1759.25,1783.83,1813.77,1826.4,1839.61,1855.94,1856.39,1874.84,1871.76,1856.32,1855.5,1822.28,1778.17,1740,1720.7,1748.15,1710.97,1718.79,1736.4,1720.03,1744.24,1748.76,1725.85,1738.54,1779.78,1753.14,1732.61,1780.32,1788.16,1769.36,1812.97,1774.3,1788.15,1812.84,1825.55,1852.68,1828.02,1915.18,1902.84
aze,Azerbaijan,406.19,419.7,436.13,457.18,476.94,495,509,519.04,520.01,517.27,515.98,528.78,550.39,572.28,580.67,580.29,577.51,571.97,567.67,565.98,556.95,548.07,552.99,564.95,573.8,591.46,616.56,634.91,656.62,677.01,693.38,703.68,709.83,722.62,741.57,759.59,788.45,815.42,846.49,927.59,1012.73,1012.92,861.85,893.15
bdi,Burundi,178.35,185.61,192.95,198.62,204.02,210.71,214.35,214.96,212.87,209.52,207.55,204.04,201.74,202.41,195.76,192.48,194.71,192.24,186.5,183.37,181.44,176.85,172.62,168.96,172.14,178.3,185.36,196.48,211.15,222.83,237.95,258.42,279.35,295.87,318.33,346.18,373.49,405,433.76,473.64,501.16,583.87,639.07,726.33
bel,Belgium,2732.8,2778.05,2835.79,2842.22,2847.35,2875.51,2946.27,2892.8,2890.11,2965.95,2946.7,2955.3,2914.48,2916.01,2938.81,2925.76,2872.38,2826.51,2891.97,2893.52,2804.54,2786.14,2817.96,2776.01,2723.13,2698.75,2703.65,2762.8,2807.13,2812.24,2835.28,2806.49,2827.53,2793.19,2721.54,2723.05,2734.71,2729.22,2722.02,2594.5,2553.48,2444.98,2690.03,2616.23
ben,Benin,104.82,106.84,108.59,111.03,113.96,116.73,120.88,124.97,130.98,136.02,140.66,148.79,153.87,161.47,167.36,171.41,177.43,181.66,188.9,193.62,201.43,200.55,202.89,203.99,204.21,209.68,220.76,230.4,266.08,307.46,328.45,351.23,371.79,399.1,419.2,437.61,462.36,490.69,518.3,569.94,598.88,615.87,657.61,732.41
bfa,Burkina Faso,341.44,353.25,368.79,385.42,398.4,409.86,411.44,407.94,401.38,397.36,397.48,388.47,386.82,393.37,397.8,405.99,412.94,418.95,429.55,439.26,456.52,460.99,484.28,490.62,520.06,561.51,609.41,635.12,669.14,705.05,736.79,779.09,821.49,857.03,879.36,940.54,983.59,1027.51,1054.14,1087.64,1070.75,1098.77,1406.31,1581.17
bgd,Bangladesh,1504.72,1495.96,1507.53,1483.23,1518.17,1546.72,1658.04,1804.91,1996.26,2227.52,2357.26,2791.32,2701.26,2782.21,2844.74,2885.51,3038.21,3187.44,3405.33,3654.73,3765.91,3879.5,3950.76,3951.03,3863.27,3802.85,3780.95,3780.49,3752.7,3909.76,4081.47,4174.43,4384.96,4757.93,5135.71,5788.92,6254.32,6788.11,7329.11,7987.92,8573.14,10120.47,10950.39,12117.03
bgr,Bulgaria,902.46,963.7,994.52,1026.48,1061.39,1108.69,1111.53,1112.31,1172.27,1186.64,1181.43,1194.74,1180.21,1193.03,1212.84,1271.98,1311.63,1311.38,1277.33,1290.53,1333.29,1317.68,1331.59,1366.41,1374.81,1436.85,1431.34,1442.02,1444.61,1396.22,1368.07,1449.6,1517.01,1517.22,1549.87,1570.47,1522.48,1522.33,1528.52,1590.64,1626.29,1597.22,1514.57,1413.19
bhr,Bahrain,11.93,12.69,13.43,14.33,15.33,16.44,17.56,18.78,20.02,21.39,22.85,23.58,24.85,25.81,26.59,27.98,29.2,30.54,31.65,32.26,33.96,34.99,36.97,40.3,43.35,46.24,48.8,51.68,55.04,58.92,63.9,66.91,69.84,71.05,71.22,73.03,75.62,76.54,75.64,76.11,73.62,78.68,80.16,90.1
bhs,Bahamas,26.84,26.89,27.41,27.78,28.14,25.22,24.99,24.56,24.97,26.23,29.96,32.34,32.9,33.99,34.7,34.48,36.77,36.95,38.84,41.32,44.36,47.31,50.17,51.11,54.53,54.7,56.97,59.23,60.73,64.55,69.96,72.34,73.72,75.64,76.66,79.85,83.33,86.27,89.12,97.34,97.42,124.76,104.47,103.34
bih,Bosnia and Herzegovina,282.33,297.12,310.4,320.93,327.35,334.92,332.74,336.41,340.26,339.82,345.25,338.11,325.61,322.72,321.47,324.69,337.3,353.44,375.18,399.57,425.35,452.79,477.24,505.99,532.33,556.23,564.98,572.39,582,592.87,596.04,595.02,601.37,605.19,615.22,628.91,631.48,644.56,648.87,665.7,676.9,661.94,668.02,659.89
blr,Belarus,804.56,818.84,811.91,850.16,923.66,944.9,969.42,971.78,986.92,1060.06,1143.28,1205.1,1311.61,1381.2,1428.54,1455.13,1492.45,1550.32,1627.24,1713.81,1712.37,1662.75,1451.94,1464.5,1657.52,1937.02,1682.27,1493.63,1399.55,1410.56,1403.34,1352.53,1347.01,1328.74,1262.95,1252.48,1258.81,1293.23,1313.25,1335.32,1294.99,1314.65,1415,1459.59
blz,Belize,3.64,3.6,3.52,3.69,3.91,3.91,3.94,4.04,4.02,4.04,4.37,4.57,4.71,4.97,5.29,5.47,6.1,6.56,7.26,7.74,8.28,8.72,9.15,9.66,10,10.61,11.05,11.62,12.34,13,13.71,14.13,15.06,15.44,16.16,17.15,17.14,17.89,18.52,19.44,20.14,21.26,20.68,21.77
bol,Bolivia,131.39,131.88,131.19,131.1,132.17,134.57,137.77,140.39,145.26,151.76,159.38,168.02,176.48,185.69,197.11,211.77,228.95,244.83,264.99,285.21,305.92,327.34,345.64,368.54,394.88,419.23,447.1,469.75,495.11,520.42,548.22,579.67,610.92,642.15,669.38,705.94,747.55,786.65,835.52,880.25,918.18,907.35,933.24,966.07
bra,Brazil,5367.94,5300.63,5468.76,5834.5,6130.8,6446.53,6698.56,7078.19,7329.67,7702,8026.39,8213.65,8699.43,9219.57,9579.81,9759.42,9974.74,10270.5,10733.88,11120.16,11422.82,11795.57,12199.56,12572.61,12985.29,13167.75,13618.21,14012.47,14643.57,15056.32,15761.24,16364.72,16778.17,17289.13,17794.88,18715.15,19420.66,20001.75,20694.12,21360.52,21292.62,22005.6,23170.86,23859.13
brb,Barbados,45.43,43.48,41.16,42.55,43.95,41.88,45.47,48.27,49.7,48.02,48.73,49.82,50.86,52.17,50.67,51.63,51.56,52.45,54.55,55.69,56.76,58.39,59.18,59.79,60.07,61.46,60.92,63.44,63.83,67.36,69.61,73.47,75.09,73.83,76.01,78.5,81.21,83.91,86.64,89.9,94.33,100.56,103.66,106.81
brn,Brunei,8.51,8.73,8.77,8.8,8.8,8.84,8.82,8.88,9.03,9.2,9.46,9.79,10.23,10.72,11.19,11.72,12.27,13.19,13.87,14.52,15.3,16.14,17.01,17.83,18.78,19.99,21.04,21.92,22.85,24,25.33,26.69,27.99,29.67,30.76,32.11,33.81,34.76,35.66,37.5,39.06,41.19,43.01,44.95
btn,Bhutan,8.92,9.04,9.19,9.36,9.53,9.8,10.17,10.02,10.65,11.49,13.38,14.44,15.36,16.14,16.59,17.69,18.67,20.07,20.37,20.87,21.84,22.99,23.87,24.85,25.51,26.08,26.49,27.08,27.69,28.28,29.48,30.83,32.37,34,35.78,37.92,40.13,42.47,44.54,46.64,49.63,51.64,54.56,57.63
bwa,Botswana,26.28,27.46,28.94,30.44,32.13,33.9,35.75,37.44,36.94,38.03,37.55,36.06,34.75,33.83,34.88,37.14,41.17,47.95,58.46,72.25,88.52,102.97,105.62,93.01,78.62,74.37,88.59,77.2,80.05,84.97,87,88.51,91.19,93.78,98.18,105.5,113.86,121.43,130.78,140.15,149.88,182.59,181.41,192.55
caf,Central African Republic,131.77,134.51,136.71,130.73,132.94,134.59,140.03,139.43,131.49,128.64,122.46,125.58,126.94,132.98,138.68,141.55,152.25,155.13,165.03,173.17,173.51,175.94,179.95,179.17,179.82,179.93,181.05,181.04,180.47,188.74,206.28,219.98,225.09,234.74,241.44,252.51,267.03,286.18,297.22,316.95,327.61,339.44,407.47,440.08
can,Canada,3827.83,3938.17,4043.75,4195.69,4381.59,4603.03,4764.9,4839.1,4976.19,5081.78,5190.87,5254.38,5339.3,5427.61,5551.54,5565.6,5637.07,5633.75,5537.56,5490.61,5589.08,5701.62,5785.52,5805.02,5751.18,5751.04,5675.54,5787.52,5777.35,5696.25,5774.47,5762.89,5745.48,5734.4,5825.51,5961.34,6074.19,6164.57,6224.22,6225.29,6239.91,6358.73,6610.08,6788.67
che,Switzerland,1455.2,1466.29,1469.77,1506.62,1505.53,1527.41,1553.95,1560.48,1570.7,1586.59,1613.62,1620.53,1626.58,1653.95,1688.78,1738.95,1699.82,1677.7,1615.53,1580.09,1600.01,1618.73,1634.98,1658.39,1614.45,1563.31,1541.79,1538.63,1610.94,1650.05,1632.12,1604.13,1616.77,1592.8,1591.29,1655.36,1630.67,1626.37,1653.68,1653.77,1590.22,1588.68,1739.42,1638.83
chl,Chile,715.16,717.92,746.06,773.22,799.32,830.3,839.75,874.33,899.94,915.5,989.13,994.84,997.48,1012.68,1034.15,1090.6,1112.29,1076.71,1129.78,1149.72,1159.16,1179.72,1197.93,1222.62,1261.99,1309.07,1301.23,1337.23,1368.91,1482.56,1530.41,1567.01,1589.67,1586.18,1628.87,1669.36,1682.26,1716.86,1736.87,1811.85,1752.72,1763.34,1916.87,1937.05
chn,China,39416.1,40577.35,41409.35,41310.45,41104.7,41308.5,42185.17,43605.1,45550.85,47587.42,49615.74,51252.99,52614.21,53670.05,54827.8,56134.91,57595.39,58895.12,59997.49,61234.68,62317.24,62906.01,62445.95,61977.61,61254,61518.57,61923.88,62845.3,63096.81,63626.07,64127.36,63359.52,62157.55,61189.81,62181.18,63232.62,65295.27,67373.25,67041.9,65345.51,64893.7,70167.43,76324.09,76736.07
civ,Cote d'Ivoire,478.3,495.38,509.42,530.17,549.24,574.17,584.98,583.87,581.61,571.52,563.06,564.64,584.22,618.97,660.53,704.55,764.65,823.14,879.44,922.41,976.48,965.75,987.28,968.21,985.09,1011.14,1064.95,1088.48,1141.22,1160.31,1174.31,1244.72,1399.01,1610.93,1778.12,2017.56,2265.46,2505.79,2730.49,2837.69,3025.69,3154.49,3838.14,4271.46
cmr,Cameroon,489.24,503.22,510.39,511.69,524.42,548.24,560.44,583.25,605,625.45,637.4,640.33,636.11,633.18,626.73,622.99,629.95,635.09,654.61,675.68,714.51,717.82,743.55,754.33,777.92,814.95,871.48,905.25,987.1,1071.18,1150.64,1224,1316.2,1398.03,1432.23,1537.06,1648.98,1809.09,2011.72,2178.15,2374.76,2558.26,2919.84,3274.18
cod,"Congo, Dem. Rep.",1154.07,1216.99,1278.25,1339.45,1411.19,1507.77,1518.28,1553.6,1596.64,1620.87,1651.32,1701.18,1711.79,1718.29,1696.85,1706.86,1709.12,1733.98,1791.47,1893.07,1960.73,2010.35,2109.06,2194.4,2301.05,2438.34,2606.02,2758.97,2923.99,3123.87,3356.23,3595.64,3876.63,4224.84,4644.1,5009.4,5437.75,5959,6629.3,7292.85,7924.49,8508.85,10408.07,11268.13
cog,"Congo, Rep.",125.59,125.2,133.08,146.73,146.44,152.28,152.36,158,158.22,148.55,146.21,144.33,150.02,150.32,168.75,170.21,172.52,188.89,177.74,187.64,191.09,183.48,186.98,196.39,199.53,212.4,223.81,236.72,258.59,280.52,290.25,305.52,319.45,327.09,338.8,360.23,390.22,412.55,438.8,481.95,511.97,542.37,674.68,762.48
col,Colombia,1033.14,1050.58,1093.69,1149.56,1219.13,1236.19,1288.55,1284.1,1329.73,1371.28,1427.33,1448.03,1487.34,1564.42,1606.29,1631.3,1659.44,1658.83,1650.31,1759.61,1856.63,1944.97,2056.86,2167.06,2214.64,2210.14,2269.3,2392.15,2463.39,2584.02,2715.5,2773.43,2880.39,2976.01,3125.75,3279.25,3488.34,3677.49,3818.16,3954.88,3978.77,4122.15,4140.57,4236.01
com,Comoros,6.47,6.64,6.74,6.81,6.91,7.02,7.2,7.43,7.67,7.96,8.29,8.77,9.22,9.64,10.02,10.22,10.73,10.87,11.57,11.71,12.78,12.89,13.95,14.27,13.9,15.26,14.84,16.97,17.4,17.12,17.51,18.24,18.35,18.77,20.5,20.87,21.42,21.89,21.81,22.99,23.87,25.59,25.56,28.28
cpv,Cape Verde,14.27,14.34,14.02,14.08,14.13,14.26,14.49,14.8,15.16,15.62,16.05,16.31,16.05,15.69,15.91,18.49,14.88,14.65,14.58,14.66,14.91,15.4,15.93,16.44,16.92,17.82,19.08,20.22,21.02,21.76,22.48,23.74,25.51,27.55,29.61,31.11,33.06,33.9,36.08,37.11,36.05,37.05,45.34,48.75
cri,Costa Rica,90.2,90.37,96.34,102.63,113.86,120.41,122.93,136.05,139.8,136.36,141.54,139.46,153.66,166.39,181.1,190.02,198.04,195.73,201.86,211.35,217.64,227.09,237.99,249.47,256.16,259.77,275.5,288.82,302.44,312.75,323.43,331.03,351.65,377.82,390.76,398.34,406.44,423.86,429.57,448.23,457.34,478.22,530.39,574.17
cub,Cuba,749.22,761.11,770.48,794.41,840.16,835.22,876.82,913.64,926.2,948.54,980.63,1037.06,1084.41,1096.36,1125.24,1123.51,1176.69,1137.75,1116.45,1162.21,1178.38,1217.27,1252.98,1287.54,1328.84,1351.7,1387.53,1461.85,1513.89,1575.83,1619.2,1611.37,1658.88,1656.61,1718.5,1723.54,1727.67,1751.01,1812.22,1874.52,1957.19,2251.4,1878.4,1985.48
cyp,Cyprus,109.15,98.23,95.47,107.35,101.27,110.86,93.36,99.45,99.18,104.31,99.48,104.09,114.23,111.68,118.97,120.42,126.55,134.13,143.68,146.81,148.69,147.51,155.99,165.44,167.8,183.03,182.5,190.02,184.9,181.87,182.59,191.16,195.05,190.95,199.61,212.95,200.25,218.54,218.39,228.74,232.94,248.22,250.4,230.93
cze,Czech Republic,1732.88,1754.13,1770.08,1787.87,1835.85,1917.19,1980.25,1987.84,1969.36,1986.35,2029.69,2051.26,2038.26,2086.51,2133.11,2155.51,2108.69,2097.79,2103.85,2099.52,2094.89,2099.83,2152.72,2152.36,2181.34,2135.47,2089.41,1998.57,1969.34,1945.93,1942.44,1927.28,1899.89,1897.07,1850.79,1870.42,1890.87,1898.79,1911,1965.34,2022.16,2033.68,2030.88,1950.54
deu,Germany,18783.39,19204.38,19329.31,19608.92,19550.84,19936.46,20506.68,20558.51,20756.11,20644.62,20851.77,21286.49,21169.16,21578.11,21491.9,21446.86,21562.09,20988.42,20644.59,20476.79,20390.5,20169.07,20272.53,20177.89,19932.77,20055.38,19813.53,19614.03,20026.44,20052.98,20226.81,20136.76,20289.65,20621.97,20204.65,21153.85,21134.74,21436.04,21872.25,21678.82,22009.2,22267.72,22976.47,23340.04
dji,Djibouti,10.23,11.02,11.67,12.19,12.77,13.46,13.88,14.72,15.39,16.07,16.91,17.55,18.98,22.32,19.71,21.43,21.19,20.52,20.93,20.7,20.74,20.73,20.93,20.46,22.34,23.3,24.77,27.03,29.25,30.75,33.4,35.9,39.12,42.41,44.62,50.07,54.19,61.13,64.5,70.31,71.23,78.05,87.97,98.76
dma,Dominica,5.25,5.39,5.54,5.76,5.98,6.24,6.51,6.83,7.13,7.46,7.89,8.04,8.16,8.33,8.51,8.67,8.76,8.64,8.66,8.74,8.82,8.93,9.1,9.34,9.35,9.15,9.55,9.89,10.3,10.77,11,10.82,11.4,11.32,11.29,11.82,12,11.7,11.76,12.07,12.59,12.47,12.36,13.07
dnk,Denmark,1927.68,1950.38,1976.77,2023.66,2077.75,2122.82,2150.74,2183.38,2219.38,2245.56,2213.79,2236.31,2273.13,2171.35,1780.05,1772.71,1728.94,1697.84,1659.18,1627.2,1621.02,1620.45,1639.65,1571.22,1524.79,1510.26,1510.85,1528.85,1474.05,1479.41,1471.2,1442.54,1385.3,1372.11,1364.92,1368.57,1379.4,1391.03,1378.45,1396.98,1413.38,1508.67,1557.34,1530.31
dom,Dominican Republic,211.91,219.54,227.64,236.56,242.63,248.73,260.36,266.82,274.47,285.59,293.53,296.96,298.76,297.71,302.28,307.88,316.2,323.69,332.34,348.38,370.26,400.98,426.55,440.42,455.6,471.35,493.44,523.39,557.27,589.39,621.31,657.87,686.36,705.13,726.63,767.49,807.96,846.33,880.67,917.47,955.4,1027.73,1092.88,1160.1
dza,Algeria,295.15,311.36,331.75,362.34,399.06,441.35,476.39,504.14,534.51,568.67,601.78,620.28,649.32,682.71,712.05,749.07,779.09,809.82,849.62,884.38,924.41,966,1015.45,1081.28,1158.21,1239.98,1310.3,1380.01,1450.01,1521.01,1589.76,1667.65,1739.23,1813.99,1884.69,1978.61,2064.42,2203.36,2347.22,2493.52,2444.36,2492.6,2654.32,2793.02
ecu,Ecuador,154.55,166.34,178.76,181.01,182.13,196.16,212.91,224.72,233.59,251.99,266.36,287.17,292,303.41,332.89,371.84,430.68,445.85,469.79,508.07,537.64,562.84,562.62,603.16,597.6,625.97,671.65,657.79,677.88,697.26,703.55,696.98,738.6,745.31,741.71,739.18,777.32,812.61,867.35,952.86,941.27,979.97,985.22,1051.72
egy,Egypt,702.53,754.68,825.08,879.73,949.78,1033.35,1138.69,1181.64,1210.46,1239.91,1287.62,1333.51,1394.52,1479.31,1539.89,1600.05,1674.16,1770.27,1875.56,1943.97,2044.17,2253.47,2535.71,2897.21,3216.92,3471.55,3701.72,3865.87,4044.24,4195.38,4275.84,4429.37,4553.35,4479.91,4740.69,5069.34,5175.56,5262.96,5369.97,5422.94,5534.91,6035.62,7636.23,8092.02
eri,Eritrea,95.1,98.46,101.75,103.99,105.81,108.22,111.84,116,120.17,124.09,129.23,133.99,131.29,126.54,131.17,137.88,145.75,153.85,159.31,166.08,172.81,175.9,186.75,193.07,205.96,218.67,231.02,245.52,260.42,275.39,289.9,307.95,327.63,344.11,361.5,384.33,402.1,424.83,452.68,478,499.66,503.36,602.59,641.72
esp,Spain,4666.56,4751.84,4942.7,5259.92,5551.38,5833.36,6075.96,6248.92,6476.76,6631.52,6784.11,6856.75,6882.1,7078.51,7059.33,7099.27,7022.43,6902.05,6943.31,6942.05,6869.48,6934.74,6987.38,7160.79,7005.01,7069.34,7058.33,7227.85,7311.52,7325.99,7335,7330.52,7451.6,7332.33,7236.7,7418.63,7312.22,7446.38,7569.55,7451.55,7663.44,7410.06,8003.64,7887.96
est,Estonia,222.87,223.92,218.59,202.09,219.36,239.08,248.73,253.74,263.36,283.86,295.55,313.27,310.49,289.69,254.06,260.7,267.2,263.71,261.28,267.16,273.71,268.98,269.65,261.22,260.84,257.92,247.9,243.33,250.72,255.9,252.81,262.13,264.11,244.85,249.93,244.83,244.19,257.47,253.21,248.99,247.86,253.23,248.57,246.99
eth,Ethiopia,764.1,788.09,819.39,855.93,892.89,936.19,982.41,1040.69,1100.08,1152.53,1208.12,1260.56,1321.27,1385.42,1436.43,1490.45,1556.7,1611.82,1662.21,1709.04,1762.16,1818.74,1859.56,1899.21,1970.43,2100.33,2284.34,2514.41,2769.95,2984.71,3241.39,3467.19,3655.57,3885.89,4124.34,4308.73,4582.97,4946.14,5395.04,5874.35,6084.81,6575.41,8297.46,9400.28
fin,Finland,685.57,697.56,711.54,732.24,755.43,791.8,839.04,869.46,908.79,903.7,909.4,901.44,932.87,942.77,936.1,956.89,921.62,916.16,922.54,949.79,946.57,956.06,946.89,947.22,946.83,957.06,980.61,974.82,966.86,964.65,999.07,991.21,1015.81,1018.04,1004.85,1016.91,1056.34,1078.26,1070.94,1082.65,1125.01,1136.19,1146.72,1222.4
fji,Fiji,43.17,42.85,44.55,46.08,47.81,47.64,47.61,49.49,51.6,53.93,56.39,59.23,62.27,64.75,67.48,70.49,73.46,76.95,82.19,86.26,89.72,95.25,98.5,104.67,110.07,114.34,117.96,122.95,127.22,132.32,136.59,141.16,144.19,146.24,148.61,152.09,154.78,156.98,161.81,164.68,168.7,170.5,184.85,194.2
fra,France,11251.33,11703.62,11785.41,12170.56,11965.06,12123.14,12269.23,12266.3,12474.79,12633.45,12652.69,12711.11,12849.85,13156.25,13067.88,13266.17,13375.34,13244.43,13398.99,13758.03,13892.7,14032.91,14355.14,14712.35,14025.61,14337.22,14246.73,14272.13,14600.6,14643.25,14675.39,14321.46,14712.2,14719.01,14688.17,15404.13,15470.76,15740.35,15815.04,15858.01,15696.81,15078.16,16683.24,16697.32
fsm,"Micronesia, Fed. Sts.",4.55,4.58,4.61,4.69,4.72,4.77,4.86,4.97,5.12,5.29,5.43,5.63,5.8,6.02,6.25,6.44,6.69,6.92,7.18,7.4,7.98,7.84,8.1,8.3,8.51,8.65,8.78,8.88,8.95,9.07,9.22,9.44,9.68,9.92,10.13,10.35,10.58,10.82,11,11.16,11.48,12.67,12.04,12.47
gab,Gabon,47.21,50.85,55.38,61.52,61.62,63.65,64.95,67.28,67.85,68.89,67.35,71.48,73.47,70.49,71.76,75.25,74.4,77.15,78.05,76.25,78.83,81.7,86.41,89.53,94.94,106.6,114.37,117.5,120.21,126.05,128.96,133.28,149.26,173.62,190.12,199.49,202.04,205.15,209.13,219.87,233.3,251.01,300.67,330.55
gbr,UK,15812.29,15833.62,16049.59,16221.83,16588.58,17198.03,17329.25,17332.23,17616.83,18030.34,17594.98,17798.39,17586.16,17772.68,17185.99,17170.95,16816.73,16492.02,16371.03,16278.72,15848.69,15818.57,15707.36,15548.78,14930.54,14937.03,14723.03,14636.14,14711.84,14161.24,14116.15,13967.96,14160.02,14022.51,13767.95,14195.65,14127.88,14210.19,14419.06,14168.79,14479.39,13859.25,14352.5,15536.91
geo,Georgia,671.63,684.84,684.54,715.25,771.17,808.41,845.47,896.58,938.59,968.46,955.13,924.07,908.39,839.73,785.52,753.03,752.79,772.45,829.06,879.76,893.2,907.34,908.29,871.37,825.69,768.39,793.04,791.21,839.3,885.78,933.33,975.56,988.23,974.59,979.86,1047.74,1113.95,1090.73,1030.26,978.86,989.41,957.31,903.6,864.75
gha,Ghana,446.2,470.04,494.82,517.23,544.06,574.17,607.26,637.75,670.31,702.59,730.91,753.3,778.84,808.89,837.43,840.58,847.17,852.3,867.65,867.96,880.31,891.53,915.16,916.5,944.61,992.12,1058.19,1102.7,1129.33,1158.62,1191.55,1272.91,1324.63,1359.31,1373.25,1419.73,1490.47,1555.06,1701.39,1858.9,1987.95,2184.4,2580.38,2814.81
gin,Guinea,142.33,147.82,156,156.2,161.71,169.67,181.41,189.63,197.62,207.01,215.49,224.77,235.41,245.71,254.97,265.13,271.08,274.78,278.51,279.74,281.51,279.94,278.85,278.21,277.33,283.47,298.25,305.32,315.62,331.31,347.18,361.41,380.44,400.39,417.6,431.58,448.56,466.06,494.57,544.31,559.4,596.73,744.71,808.02
gmb,Gambia,15.2,15.43,15.65,15.96,16.34,16.73,17.53,18.24,19.16,20.03,22.17,23.53,25.66,25.86,25.49,29.7,27.91,28.04,31.1,34.88,32.96,31.96,33.13,35.15,40.66,44.45,45.09,46.94,46.31,50.01,52.01,50.16,53.91,57.29,64.99,65.08,74.36,89.2,92.86,105.42,104.87,113.24,134.01,143.81
gnb,Guinea-Bissau,30.32,30.61,30.72,30.75,31.39,31.69,32.35,33.07,33.9,35.18,36.2,36.94,37.5,38.03,39.22,38.47,43.65,42.93,39.41,39.52,39.71,41.23,42.94,44.92,47.23,52.57,52.59,55.15,60.85,63.48,67.62,72.72,79.96,86.03,89.68,96.22,105.16,113.83,123.94,137.41,133.94,133.14,167.88,185.88
gnq,Equatorial Guinea,17.59,18.03,18.09,18.11,18.31,18.84,18.17,18.18,19.99,20.96,21.73,22.91,23.9,24.8,24.68,25.96,26.84,29.45,31.04,33.29,35.38,36.81,37.35,37.86,39.37,42.7,45.28,48.74,53.42,57.32,56,56.83,65.58,75.63,87.36,86.33,90.03,106.49,117.81,124.75,132.36,158.29,198.76,229.83
grc,Greece,1384.66,1403.97,1452.51,1470.98,1508.03,1547.58,1614.51,1825.71,1872.26,1894.8,1981.1,2049.61,2111.38,2175.74,2218.76,2246.88,2260.09,2236.41,2230.48,2293.92,2394.54,2459.88,2498.21,2521.05,2573.57,2559.64,2552.65,2451.98,2519.05,2348.92,2328.18,2257.33,2358.28,2382.49,2534.59,2705.38,2741.14,2810.41,2763.32,2844.3,2864.1,2932.48,2915.11,2892.87
grd,Grenada,10.21,10.29,10.34,10.35,10.39,9.69,9.83,9.97,10.16,10.59,10.57,10.61,10.57,10.53,10.78,10.75,11.12,11.44,11.97,11.79,11.95,12.07,12.81,13.07,12.84,12.75,13.25,14.16,14.65,14.91,15.37,15.84,16.54,16.54,16.79,16.57,16.7,16.74,17.11,17.85,17.6,18.35,18.9,19.77
gtm,Guatemala,90.12,95.93,99.36,95.97,106.15,97.58,95.68,102.47,113.12,109.09,118.27,121.93,139.65,157.78,161.7,165.86,161.69,162.94,183.74,195.74,220.5,222.76,233.92,246.03,272.75,279.46,301.86,287.64,313.95,334.22,366.97,385.03,412.32,422.76,429.04,467.61,481.01,525.76,538.03,533.59,547.95,589.78,618.15,627.5
guy,Guyana,40.86,40.81,40.44,39.88,39.18,38.9,37.99,36.68,37.21,37.08,40.8,39.52,39.22,39.44,38.33,38.35,42.92,44.33,42.9,48.3,57.37,53.07,54.69,52.39,53.69,56.27,56.29,61.11,62.78,63.69,65.25,68.6,72.44,73.03,74.95,73.38,70.47,69.35,73.97,75.43,87.69,97,98.67,108.18
hnd,Honduras,56.29,53.42,53.68,54.99,54.56,54.34,54.37,59.9,63.12,65.42,70.38,76.37,79.3,85.18,90.57,93.34,102.53,107.37,112.66,118.57,125.13,132.78,140.82,148.93,156.23,162.34,168.99,176.21,184.05,191.41,200.84,213.35,225.78,234.91,244.96,255.79,265.13,276.08,289.9,305.46,300.43,348.86,362.44,372.89
hrv,Croatia,685.73,704.79,725.04,743.66,759.05,775.96,799.35,803.41,840.73,850.65,883.06,887.34,886.49,880.64,887.57,911.49,870.51,900.67,912.01,932.81,944.09,944.65,940.73,956.48,955.01,984.97,956.92,955.36,973.21,1001.15,1037.34,1032.4,1090.03,1099.91,1116.74,1090.04,1050.92,957.13,894.17,857.97,831.49,802.34,808.57,759.71
hti,Haiti,280.56,284.9,289.22,294.33,291.87,305.35,306.35,306.92,307.55,305,311.65,305.37,317.3,322.04,319.18,330.33,337.03,356.43,348.75,367.7,378.72,395.85,408.09,424.27,444.04,455.19,475.23,504.64,527,548.15,556.77,579.61,615.04,658.74,690.91,724.12,764.85,816.32,885.73,951.18,976.34,1086.78,1205.73,1305.1
hun,Hungary,1794.61,1870.26,1917.06,1886.03,1912.46,1994.19,2044.65,2101.64,2090.94,2121.05,2151.07,2213.38,2267.72,2331.48,2356.67,2332.36,2408.38,2412.03,2452.23,2466.36,2435.2,2402.19,2384,2402.59,2386.43,2337.69,2278.58,2236.34,2263.05,2269.37,2234.84,2244.1,2241.83,2258.96,2243.92,2303.47,2302.47,2261.58,2257.24,2281.22,2323.33,2273.9,2244.43,2196.38
idn,Indonesia,4151.02,4357.79,4540.24,4708.69,4885.69,5053.37,5239.62,5423.23,5638.65,5893.99,6121.12,6328.57,6561.96,6810.87,7090.02,7364.3,7679.2,8043.38,8317.82,8581.58,8815.74,8977.37,9253.06,9622.57,11079.87,10663.98,11268.39,12029.59,12946.36,13880.73,14839.5,15806.03,16530.12,17194.02,17941,18790.11,19725.91,20734.53,21852.68,22975.89,24787.43,28048.17,26722.06,28287.57
ind,India,14018.28,14171.46,14603.68,15188.66,15972.73,16900.72,17996.06,19069.62,20201.79,21416.91,22469.96,23243.73,23397.58,23347.63,23546.01,24584.39,26440.04,28401.35,30149.6,31124.25,32054.85,33150.46,34155.05,34669.22,35228.49,36432.62,38566.62,41121.33,42560.45,44221.91,46616.35,48146.87,50572.53,54452.94,59584.86,64380.7,68442.26,72066.83,74875.06,78023.58,82991.9,90514.72,95379.61,101620.78
irl,Ireland,626.55,598.78,614.01,612.95,619.16,637.44,644.14,670.1,687.51,722.25,706.31,726.36,729.69,731.39,730.2,726.06,730.62,714.79,717.64,734.19,740.97,740.08,719.12,721.37,735.23,746.42,747.96,723.47,752.86,734.48,723.38,734.97,745.8,759.66,764.01,765.98,793.73,797.15,805.66,787.8,807.37,771.84,869.42,934.05
irn,Iran,636.38,648.95,669.47,698.61,734.38,770.13,812.3,862.66,921.99,987.2,1044.17,1082.19,1148.42,1203.1,1252.93,1305.05,1362.22,1419.39,1485.95,1560.71,1650.99,1739.37,1830.86,2047.89,2031.38,2152.87,2279.74,2418.76,2556.96,2713.49,2867.77,3018.85,3110.23,3256.74,3402.33,3591.29,3818.71,4015.16,4105.75,4261.34,4254.55,3990.06,3973.04,4167.05
irq,Iraq,406.52,420.64,440.21,458.77,485.96,512.14,538.24,566.61,598.83,629.81,666.74,684.87,719.22,757.84,794.34,834.78,876.47,927.89,990.55,1058.65,1129.55,1199.88,1271.81,1337.01,1421.92,1505.58,1600.71,1704.96,1803.14,1906.75,2044.89,2197.34,2341.03,2463.3,2617.12,2739.26,2875.76,3028.72,3232.95,3512.52,3758.63,4020.25,4301.78,4548.76
isl,Iceland,29.69,30.06,32.33,33.72,35.75,35.07,33.81,36.69,38.26,39.37,40.29,40.36,41.94,43.02,43.85,45.21,43.48,43.72,44.01,42.69,41.21,39.81,41.15,40.97,41.53,41.63,42.79,44.6,45.49,44.01,41.54,43.43,46.21,48.74,49.83,51.06,51.3,49.57,49.09,50.82,49.41,50.47,54.62,55
isr,Israel,603.5,592.63,621.99,677.63,675.85,672.33,690.39,706,724.47,726.65,750.28,816.64,879.7,926.4,967.16,1056.68,1060.27,1073.71,1205.32,1133.74,1128.1,1126.68,1139.38,1149.55,1140.27,1137.45,1135.62,1161.01,1174.84,1129.66,1119.54,1148.45,1166.64,1183.92,1179.6,1200.24,1229.24,1255.36,1281.47,1315.34,1317.45,1350.83,1391.05,1392.69
ita,Italy,11062.49,11293.13,11414.01,11866.88,11881.96,12273.71,12423.36,12569.33,12831.71,12917.86,13105.56,13338.48,13133.38,13394.39,13457.28,13506.44,13581.15,13501.52,13431.01,13390.24,13569.15,13780.29,13626.63,13829.6,12993.9,13325.33,13336.22,13785.36,14075.29,14103.29,13902.19,13838.85,14092.48,13845.37,13992.91,14743.02,14395.87,14921.64,14781.73,14825.34,15108.26,14713.66,15172.3,14713.49
jam,Jamaica,162.12,168.58,174.11,185.22,205.02,201.6,188.44,192.61,195.9,192.03,187.12,189.21,191.13,195.8,202.55,216,240.61,256.51,269.19,280.29,295.04,302.38,289.58,293.01,286.67,274.28,273.67,283.81,301.27,306.5,322.15,333.02,353.58,379.79,401.34,413.11,426.36,433.62,440.03,447.77,457.61,486.15,473.27,484.41
jor,Jordan,60.72,63.15,65.66,68.75,74.23,79.02,83.14,90.98,97.9,107.17,115.28,123.04,132.98,139.42,148.45,156.21,163.59,173.3,183.48,194.03,208.01,223.98,236.97,244.42,268.3,304.65,336.44,350.22,368.57,396.87,427.56,464.54,497.49,528.06,564.69,596.42,633.72,675.2,716.81,766.63,843.12,987.17,922.54,962.93
jpn,Japan,4863.85,4981.21,4982.14,5149.06,5415.94,5607.43,5743.66,5878.09,6230,6383.19,6617.85,6934.38,7248.85,7578.55,7898.11,8416.65,8631.78,9007.12,9314.77,9778.39,9967.78,10315.89,10432.02,10725.53,11223.54,11617.49,11863.87,12171.33,12612.11,12722.52,13417.19,13767.15,13923.11,14362.76,14614.88,15029.11,15489.35,16069,16529.28,16897.19,16872.31,17311.17,18647.78,19578.74
kaz,Kazakhstan,1298.55,1280.37,1298.29,1359.48,1489.96,1529.52,1536.12,1612.83,1660.1,1705.04,1637.45,1330.58,1300.24,1317.22,1365.56,1356.22,1397.72,1407.08,1403.08,1456.09,1458.38,1454.37,1478.29,1455.48,1430.9,1467.3,1503.58,1511.96,1571.6,1570.24,1607.42,1634.44,1654.43,1528.56,1412.77,1379.77,1361.58,1348.35,1356.3,1346.27,1410.3,1459.99,1213.66,1270.97
ken,Kenya,580.38,604.47,629.94,653.62,678.21,706.14,730.91,749.23,766.61,771.92,778.15,786.28,798.24,816.79,840,868.53,907,951.06,1007.79,1067.06,1148.43,1178.43,1231.79,1252.36,1330.15,1378.72,1430.09,1505.92,1609.95,1733.59,1874.29,2001.4,2124.26,2191.51,2256.79,2435.76,2613.52,2829.73,3038.12,3235.94,3368.47,3945.34,4150.29,4439.69
kgz,Kyrgyz Republic,235.24,240.01,248.43,258.93,276.05,280.28,285.85,282.45,286.34,287.22,288.32,286.55,299.2,311.85,330.01,317.45,310.12,304.85,290.4,290.64,251.14,247.49,251.73,263.68,260.68,253.12,262.99,266.78,270.17,278.43,271.8,289.65,281.79,274.37,288.84,290.38,284.64,293.94,308.05,280.91,248.34,282.06,293.02,328.32
khm,Cambodia,211.3,215.68,219.78,223.97,229.24,236.34,242.45,250.09,261.94,274.5,288.48,304.66,324.3,345.66,365.21,383.9,395.37,407.85,426.38,435.58,447.28,472.4,495.03,511.54,536.97,571.82,599.95,646.2,680.95,716.45,756.71,790.67,837.48,881.35,915.93,958.71,1002.44,1029.13,1074.84,1135.4,1194.93,1178.88,1303.6,1438.52
kir,Kiribati,2.04,2.02,1.99,1.95,1.93,1.92,1.94,1.97,2.02,2.09,2.15,2.22,2.28,2.37,2.52,2.71,2.85,3.01,3.21,3.42,3.63,3.81,4,4.16,4.32,4.49,4.65,4.82,4.99,5.16,5.3,5.42,5.53,5.65,5.76,5.91,6.09,6.3,6.71,6.8,7.08,7.63,8.02,8.42
kna,St. Kitts and Nevis,7.94,7.55,7.35,7.27,7.12,6.6,6.4,6.7,6.62,6.6,6.67,6.16,5.91,5.81,6.12,6.07,6.14,6.06,6.02,6.3,6.41,6.19,6.84,6.61,6.67,6.55,6.78,6.99,7.02,7.14,7.26,7.6,7.75,7.88,7.75,7.77,7.76,8.13,8.32,8.56,8.95,9.14,8.97,9.35
kor,South Korea,841.78,796.92,833.1,913.56,912.07,921.63,958.98,996.14,1005.97,1031.07,1067.73,1102.66,1123.28,1155.25,1212.37,1267.31,1333.59,1429.68,1470.41,1516.33,1547.59,1567.2,1639.74,1700.05,1758.05,1815.94,1858.7,1927.47,1997.43,2069.87,2160.45,2200.03,2291.14,2365.22,2415.25,2514.61,2590.8,2641.11,2749.74,2794.59,2880.78,2866.85,3012.73,3103.44
kwt,Kuwait,34.07,35.23,35.79,37.53,40.35,43.1,47.95,47.43,47.58,48.01,47.81,48.47,45.95,44.98,43.88,46.82,48.95,45.3,50.67,50.47,53.72,62.53,58.73,62.35,64.2,68.77,74.69,86.62,94.22,104.75,117.92,125.45,134.32,137.49,150.85,155.28,166.16,172.12,182.64,195.68,188.64,195.6,218.75,227.02
lao,Lao,87.17,88.82,90.58,92.14,93.82,96.29,98.64,101.43,105.04,109.71,115.92,121.87,128.44,136.66,145.07,150.64,157.77,164.99,174.1,181.41,187.5,196.68,205.41,214.62,224.28,236.84,250.5,268.41,287.05,312.8,339.55,369.68,393.88,430.81,466.42,508.86,547.23,584.65,622.51,665.41,714.81,741.06,839.47,897.3
lbn,Lebanon,107.43,111.48,114.34,119.02,122.79,127.93,132.88,137.9,141.95,145.44,148.92,151.16,157.63,163.12,171.28,178.89,187.07,195.81,202.18,216.39,226.33,236.5,243.76,252.66,261.21,272.37,290.08,312.1,336.37,359.64,381.49,420.72,464.15,509.57,545.59,557.92,539.66,552.91,625.05,786.83,937.42,583.7,736.07,766.61
lbr,Liberia,72.65,75.84,79.45,82.59,85.6,89.08,92.53,95.26,97.77,98.54,101.15,99.07,93.09,94.96,96.6,94.14,100.2,96.14,101.91,106.76,113.15,114.08,118.46,119.31,123.96,127.08,141,148.63,162.73,179.32,195.63,208.94,235,260.04,270.28,286.53,303.43,334.6,370.95,412.9,441.09,529.14,585.68,643.63
lby,Libya,58.32,61.26,63.75,66.35,69,71.7,75.02,78.53,82.79,88.2,93.82,100.34,106.33,112.74,118.91,124.44,130.97,137.55,148.27,159.78,169.1,179.56,189.62,200.97,216.56,234.35,249.32,261.79,274.5,288.96,303.63,323.14,339.71,343.36,357.81,365.74,368.36,386.65,406.76,429.48,467.6,549.16,489.99,507.52
lca,St. Lucia,10.93,10.94,11.07,11.11,11.18,10.89,11.33,12.02,12.65,12.79,14.09,14.11,14.13,13.94,14.26,14.09,14.73,14.31,13.99,14.54,15.12,15.59,16.32,16.3,16.85,16.52,16.76,17.05,17.55,18.42,19.75,20.37,21.5,21.08,21.13,21.38,20.55,21.13,22.31,22.74,23.17,25.38,25.49,27.5
lka,Sri Lanka,441.1,438.56,471.11,485.59,519.42,545.59,569.18,580.92,609.53,629.81,655.36,672.58,689.5,710.32,750.79,778.32,849.76,869.03,921.42,923.69,925.18,955.83,966.84,984.91,1182.59,1104.53,1176.01,1229.45,1297.38,1334.91,1399.38,1446.04,1488.57,1562.13,1619.2,1683.82,1746.12,1856.56,1885.99,1877.24,1882.24,2010.62,2622.89,2782.87
lso,Lesotho,69.01,70.81,72.48,73.92,75.34,76.89,78.68,80.37,82.31,84.01,85.58,86.62,86.47,86.35,85.88,85.64,87.5,90.22,91.45,93.67,97.41,122.75,144.83,130.05,117.8,98.7,81.75,74.45,76.67,83.6,89.03,94.4,97.41,100.4,103.39,106.45,108.49,111.22,114.1,116.46,115.48,128.61,141.34,146.76
ltu,Lithuania,361.83,423.46,448.6,410.29,429.26,512.8,559.35,574.54,581.85,608.8,624.8,634.18,643.91,590.9,568.31,556.84,581.31,598.93,574.6,568.2,583.13,589.95,604.85,635.77,622.42,620.88,592.33,613.05,632.76,648.92,635.37,612.11,606.86,605.1,589.62,595.18,570.69,563.97,574.86,592.03,587.07,583.55,588.36,569.01
lux,Luxembourg,90.12,93.58,96.35,92.47,96.12,98.37,97.63,97.77,100.54,99.41,102.35,102.02,95.93,99.83,101.98,102.08,96.13,94.71,92.12,92.82,95.37,97.23,94.49,95.89,93.04,92.36,96.36,93.88,97.89,100.29,103.16,99.83,98.43,101.22,101.19,103.08,102.61,102.51,103.13,103.98,104.31,99.32,103.37,111.41
lva,Latvia,394.34,418.36,416.46,436.92,459.74,462.58,491.01,500.12,493.05,515.47,534.06,553.25,570.54,591.98,588.29,562.55,478.67,453.11,446.67,459.74,465.42,460.58,471.98,463.65,468.57,462.86,469.97,455.37,476.6,482.9,473.21,475.7,463.38,459.66,461.14,463.45,459.07,448.01,439.05,442.45,450.81,457.41,451.75,425.79
mar,Morocco,488.86,509.57,540,559.51,586.78,614.56,635.18,661.48,683.42,713.58,746.92,777.14,801.06,828.93,857.9,882.12,917.28,944.65,992.06,1035.35,1086.59,1140.91,1187.5,1275.29,1359.91,1440.73,1525.82,1621.78,1724.62,1839.31,1955.31,2091.99,2232.52,2400.43,2553.8,2717.35,2913.7,3082.62,3324.1,3596.1,3931.81,4274.51,4386.54,4379.98
mco,Monaco,13.15,13.05,12.53,11.91,11.98,12.12,12.34,12.91,13.12,13.36,13.51,13.64,13.7,13.85,13.96,14.1,14.19,14.21,14.27,14.1,13.92,13.82,13.75,13.84,13.89,14.59,14.38,14.3,14.67,15.36,15.73,15.09,15.64,15.92,15.62,16.62,16.23,16.22,16.1,16.75,16.16,18.3,19.04,20.56
mda,Moldova,419.02,428.81,450.2,474.26,511.66,510.08,512.24,496.39,489.46,520.21,526.29,480.02,497.65,522.74,525.89,519.13,507.17,470.83,454.05,479.64,472.86,489.79,501.49,505.08,502.9,499.29,529.95,555.02,588.97,603.02,575.23,590.03,571.95,584,579.85,598.48,594.18,598.18,573.21,546.07,492.44,459.62,494.87,535.3
mdg,Madagascar,506.39,519.58,535.06,541.76,566.57,585.15,596.34,623.69,655.47,696.22,741.68,775.17,801.38,809.73,832.15,838.74,832.04,814.85,807.84,819.65,811.79,806.94,790.01,778.38,775.88,789.66,815.01,853.84,891.6,920.11,950.96,984.73,1018.99,1054.29,1093.17,1151.67,1222.21,1301.23,1408.45,1509.27,1483.85,1688.06,2179.33,2431.08
mdv,Maldives,3.21,3.19,3.13,3.15,3.22,3.31,3.43,3.57,3.73,3.96,4.19,4.54,4.89,5.21,5.49,5.97,6.53,7.07,7.43,7.88,8.37,8.88,9.34,9.83,10.42,10.7,11.12,11.57,11.98,12.39,12.81,13.27,13.62,14.02,14.39,14.94,15.47,16.21,16.94,17.81,18.22,18.6,19.32,19.8
mex,Mexico,1992.86,2064.59,2079.9,2157.91,2221.92,2346.87,2455.78,2595.13,2635.32,2700.53,2790.81,2943.19,3125.06,3288.73,3440.48,3603.25,3768.5,3886.12,4030.65,4101.34,4166.59,4310.86,4537.23,4686.29,4894.66,5002.15,5200.77,5367.94,5604.05,5591.36,5946.84,6139.48,6391.09,6442.56,6791.09,7187.93,7571.39,7981.42,8360.82,8671.65,8903.34,9336.16,8981.89,9124.63
mhl,Marshall Islands,2.1,2.13,2.15,2.16,2.16,2.18,2.21,2.24,2.27,2.32,2.38,2.46,2.54,2.61,2.69,2.77,2.86,2.97,3.1,3.22,3.42,3.51,3.68,3.85,4.01,4.16,4.3,4.46,4.63,4.82,5.01,5.2,5.39,5.59,5.76,5.92,6.1,6.27,6.43,6.59,6.87,7.47,7.54,7.82
mkd,North Macedonia,158.92,162.98,168.18,173.41,178.3,184.77,189.24,192.81,196.01,199.41,201.04,207.35,211.98,214.15,222.29,234.39,241.55,252,257.13,266.3,275.39,273.62,278.7,281.27,285.99,297.99,300.87,314.05,317.21,321.26,324.07,329.91,335.81,332.76,341.84,355.65,360.32,372.47,377.64,407.53,409.55,391.79,401.68,391.01
mli,Mali,323.82,300.76,338.16,344.61,350.8,361.04,369.97,373.77,377.04,384.2,388.14,394.78,400.45,407.72,411.95,421.92,431.63,432.53,440.59,446.08,455.87,462.98,480.84,503.25,535.48,565.86,616.25,679.67,732.02,789.74,843.53,901.86,930.93,994.02,1060.97,1186.73,1314,1425.23,1532.21,1621.87,1631.53,1817.95,2162.77,2360
mlt,Malta,76.58,74.63,78.77,77.91,79.94,81.18,77.46,77.06,80.28,81.53,82.4,85.75,86.4,91.18,93.64,94.73,91.86,88.22,92.95,92.15,95.99,92.06,87.52,88.08,88.19,90.69,93.25,91.66,89.97,94.98,93.69,93.42,91.61,93.02,92.37,93.93,92.7,91.45,98.57,100.78,104.98,110.97,111.46,110.37
mmr,Myanmar,1530.51,1571.89,1614.22,1658.68,1708.21,1763.25,1835.9,1913.51,2001.56,2098.26,2206.17,2337.81,2453.96,2569.1,2681.46,2803.4,2903.35,3023.58,3167.5,3276.02,3392.26,3481.47,3562.61,3625.75,3716.74,3806.03,3836.26,3881.14,4494.64,3958.6,4027.89,4134.43,4189.87,4360.13,4577.49,4761,5002.44,5236.62,5484.26,5837.56,6189.23,6872.82,6958.94,7463.31
mne,Montenegro,68.13,68.89,71.76,77.5,79.72,80.19,80.11,79.05,78.03,78.39,76.84,75.69,78.45,82.19,86.85,91.42,89.04,96.9,101.9,104.88,108.02,110.83,114.36,118.66,117.35,112.7,125.16,117.61,114.27,125.45,125.97,128.97,132.84,136.65,139.28,146.19,148.81,139.74,153.2,136.37,147.8,143.38,150.16,155.36
mng,Mongolia,23.19,24.44,25.44,26.48,27.27,27.8,28.56,29.63,30.54,32.86,35.36,38.31,40.64,42.25,43.83,47.21,50.68,52.82,54.3,55,55.95,56.05,55.32,55.07,55.09,56.27,57.77,59.58,61.8,64.04,65.91,67.97,70.54,72.93,74.37,75.23,74.75,76,77.06,76.41,78.52,91.7,91.12,93.23
moz,Mozambique,343.17,353.78,361.65,367.51,371.93,369.1,375.18,382.29,382.82,378.53,376.85,370.73,368.87,367.13,366.31,372.51,378.62,383.76,392.24,400.36,409.28,409.44,423.48,422.35,427.39,430.34,430.99,425.82,439.31,434.99,431.39,431.8,437.16,441.35,437.74,448.68,462.57,482.81,505.75,542.18,571.95,587.99,676.27,734.34
mrt,Mauritania,52.29,54.73,57.01,58.15,62.67,65.76,69.18,72.25,75.88,77.59,79.74,81.21,84.41,88.7,85.95,87.88,93.02,97.39,105.33,105.81,112.8,118.58,126.02,128.25,139.61,147.66,163.92,164.9,168.73,186.69,192.45,197.51,211.78,223.23,221.73,228.43,231.58,258.71,272.27,308.23,300.93,340.38,418.52,463.27
mus,Mauritius,53.61,45.16,37.01,32.57,36.93,36.99,42.37,43.84,41.71,42.42,47.66,47.37,57.28,67.01,71.04,69.65,72.77,78.28,85.37,97.2,102.63,109.81,114.07,120.36,124.82,127.49,122.64,123.41,132.08,134.99,136.36,147.98,154.76,165.87,166.2,178.45,186.95,192.52,192.83,197.45,206.25,219.89,228.61,236.16
mwi,Malawi,242.19,262.97,287.33,313.39,341,370.06,394.02,409.35,409.65,396.43,373.67,354.8,339.06,328.12,315.18,313.68,313.02,318.92,325.66,330.1,347.64,360.22,379.18,386.83,407.52,415.59,400.94,399.28,419,452.72,509.4,557.07,598.36,627.7,658.32,696.07,734.45,785.39,859.21,933.38,973.01,1248.71,1306.12,1445.55
mys,Malaysia,407.51,413.42,414.82,443.71,475.26,506.05,544.93,584.34,633.1,690.66,746.43,801.4,842.97,886.32,951.61,1002.63,1068.69,1131.31,1218.87,1283.73,1351.89,1422.02,1486.58,1546.62,1612.9,1683.2,1748.28,1831.82,1925.23,2011.65,2123.9,2217.56,2325.77,2483.51,2617.02,2768.57,2924.78,3055.45,3155.79,3161.97,3228.06,3635.38,3881.97,3925.7
nam,Namibia,57.87,59.94,61.97,64.09,66.53,69.36,72.77,75.81,79,82.68,86.12,89.52,91.4,90.69,89.01,85.48,83.09,82.14,82.8,85.51,89.33,91.53,96.51,105.9,107.18,107.43,110.69,125.11,145.93,160.77,173.72,190.14,208.08,219.61,221.36,226.84,235.46,248.47,274.31,301.18,311.82,354.04,360.46,379.41
ner,Niger,182.12,186.2,195.3,200.89,207.91,218.82,227.85,238.4,252.23,266.44,282.27,292.27,301.22,314,324.94,334.97,349.28,361.95,374.34,379.72,397.86,399.67,417.6,420.64,429.66,437.64,466.61,479.48,499.41,522.01,543.95,562.39,592.73,632.11,661.74,705.82,753.84,820.65,886.23,955.73,963.25,1052.24,1233.98,1336.65
nga,Nigeria,3958.44,4068.03,4188.88,4328.03,4446.6,4572.63,4665.61,4786.98,4900.7,5023.18,5159.03,5383.72,5333.85,5428.71,5489.99,5567.17,5710.74,5844.44,6051.45,6228.23,6563.97,6766.26,7118.05,7299.47,7619.84,7910.32,8257.32,8488.39,8837.46,9393.38,10071.88,10607.58,11531.04,12961.94,13748.09,14388.99,14737.44,15640.21,16430.88,17278.88,18303.57,19835.75,23707,26224.02
nic,Nicaragua,46.08,47.09,48.09,50.22,52.4,53.91,56.4,58.03,60.38,63.78,68.55,71.9,76.63,83.21,88.54,92.66,96.62,101.04,118.45,112.18,119.76,127.42,136.33,146.34,153.28,160.02,168.51,178.19,188.84,199.69,210.38,221.62,233.99,246.97,261.6,273.76,285.44,297.83,316.89,350.72,357.75,396.93,387.6,357.37
nld,Netherlands,3061.75,3145.95,3198.95,3216.83,3266.08,3398,3471.98,3581.13,3699.29,3821.84,3859.91,3954.99,3994.18,4115.08,4082.15,4072.78,4146.86,4157.25,4193.23,4272,4191.87,4202.68,4220.33,4127.18,4007.27,3913.97,3880.78,3789.8,3833.32,3743.66,3778.07,3770.87,3805.91,3808.94,3737.28,3904.79,3885.44,3875.97,3870.9,3812.02,3768.49,3879.33,4025.01,4012.89
nor,Norway,748.36,751.29,758.56,750.76,779.63,801.52,830.91,824.73,857.29,860.45,864.29,854.08,890.48,919.42,931.71,922.82,932.57,897.08,873.14,863.85,878.61,875.78,862.51,841.84,813.19,808.5,796.61,775.01,755.21,782.95,781.06,741.57,763.94,753.59,755.89,722.68,730.24,716.68,746.73,719.04,691.79,662.86,688.47,722.28
npl,Nepal,243.78,249.67,254.77,259.39,265.54,273.35,283.23,295.65,312.24,331.65,350.94,374.49,392.4,403.49,419.7,435.61,453.48,476.97,497.41,516.09,535.97,552.01,567.27,585.86,600.73,615.1,627.03,637.4,649.94,672.17,683.27,695.77,714.79,745.11,782.58,803.8,849.96,889.89,931.05,982.99,1030.74,1183.37,1252.14,1411.73
nru,Nauru,0.99,1.01,1.01,1.01,1,1,1,1,1,1,1.01,1.03,1.04,1.06,1.07,1.09,1.1,1.13,1.16,1.2,1.23,1.26,1.28,1.3,1.32,1.33,1.34,1.35,1.38,1.42,1.47,1.52,1.58,1.65,1.73,1.81,1.91,2.01,2.13,2.24,2.46,2.9,2.75,2.85
nzl,New Zealand,537.51,541.67,551.93,566.88,573,595.56,600.35,635.01,655.85,661.98,663.49,649.51,642.3,645.29,649.9,684.64,728.3,712.5,701.2,696.68,685.23,686.6,688.17,699.53,693.83,690.02,671.27,685.36,684.03,697.61,696.77,695.64,683.2,677.72,688.38,720.88,732.93,743.21,757.01,750.63,729.12,776.51,823.71,867.64
omn,Oman,15.96,16.31,16.57,16.81,17.05,17.51,18.06,18.74,19.57,20.68,22,21.99,23.4,24.5,26.39,28.36,29.81,31.67,33.59,35.27,37.6,39.13,41.13,42.58,43.59,45.3,47.56,49.09,51.62,54.53,57.91,60.8,63.21,66.66,71,74.22,77.71,81.61,84.47,88.01,89.13,100.47,100,109.44
pak,Pakistan,4032.33,4153.95,4263.28,4363.96,4481.5,4593.88,4729.33,4870.95,5052.63,5283.86,5525.56,5762.97,5947.96,6138.87,6282.75,6460.36,6690.73,6967.62,7327.88,7684.34,8118.53,8453.86,8800.85,9061.96,9434.4,10167.62,10169.77,10735.74,11357.28,12045.52,12671.13,13194.79,13794.32,14672.18,15439.06,16200.15,17004.43,17822.45,18552.15,19719.41,21893.77,25253.95,24447.76,25169.01
pan,Panama,62.62,63.74,64.93,70.3,74.6,80.45,78.49,82.11,87.59,94.49,99.08,105.86,113.12,119.11,123.26,126.02,121.85,123.7,128.22,131.65,144.54,147.02,144.59,153.51,165.57,172.58,178.25,188.95,200.21,208.58,222.62,236.01,251.1,260.28,269.63,276.83,286.81,294.69,306.99,326.59,324.9,326.15,340.25,356.76
per,Peru,432.15,419.56,465.99,520.98,560.49,578.17,603.84,604.43,588.57,585.65,579.61,612.31,653.61,719.22,779.69,863.57,957.17,989.58,1033.31,1074.39,1073.86,1081.87,1101.1,1169.07,1223.9,1215.87,1202.94,1261.89,1329.68,1366.5,1409.45,1423.3,1443.26,1461.86,1472.34,1497.76,1610.14,1825.97,1990.99,2138.1,2153.65,2864.52,2703,2787.95
phl,Philippines,1931.04,2047.72,2166.22,2277.08,2421.74,2543.15,2672.73,2744.57,2821.36,2909.9,2988.79,3088.33,3232.39,3427.88,3621,3804.67,4010.37,4191.18,4376.72,4617.67,4890.82,5177.77,5425.53,5493.44,5581.69,5824.91,5993.59,6154.01,6446.46,6785.23,7112,7438.01,7839.66,8243.09,8598.04,9049.4,9528.98,9891.76,10257.45,10730.09,10818.69,12482.82,12509.63,12307.33
plw,Palau,1.63,1.64,1.65,1.65,1.66,1.68,1.71,1.73,1.79,1.88,2.01,2.12,2.23,2.34,2.48,2.62,2.74,2.85,2.97,3.07,3.17,3.28,3.38,3.5,3.61,3.68,3.7,3.7,3.7,3.72,3.75,3.77,3.86,3.93,4.1,4.27,4.4,4.48,4.61,5.1,5.43,6.02,5.75,5.86
png,Papua New Guinea,136.34,139.35,139.57,142.04,143.68,146.01,148.79,151.63,154.97,160.67,165.69,172.04,179.29,187.38,196.14,203.26,214.66,220.82,227.52,240.79,247.38,249.73,256.03,259.04,261.47,268.04,278.8,306.36,323.29,333.38,372.17,403.44,423.46,423.96,451.71,493.76,497.87,521.66,540.84,590.98,596.08,604.67,714.96,759.63
pol,Poland,4084.2,4197.92,4199.11,4276.34,4416.99,4514.86,4628.01,4663.27,4768.78,4857.04,5063.36,5140.04,5307.83,5407.88,5488.31,5697.14,5874.65,5981.6,6050.55,6189.29,6213.01,6290.5,6330.58,6475.22,6519.01,6694.36,6763.51,6770.62,6799.63,6761.68,6734.63,6792.82,6943.53,7116,7293.41,7653.58,7767.76,8111.33,8387.22,8518.16,8543.41,7920.34,8164.47,8079.48
prk,North Korea,580.11,595.63,610.22,624.14,641.19,658.93,679.04,697.47,717.64,744.62,771.06,807.09,839.06,868.22,900.34,925.46,952.75,979.62,1012.54,1053.34,1092.68,1135.14,1179.26,1230.39,1295.73,1362.24,1422.48,1478.28,1534.05,1592.61,1660.79,1725.26,1801.71,1853.38,1916.9,1985.61,2063.07,2144.29,2249.97,2353.63,2413.57,2512.61,2701.1,2775.21
prt,Portugal,1353.83,1371.96,1455.59,1500.61,1546.02,1582.71,1605.02,1646.54,1684.84,1737.08,1809.38,1875.96,1909.35,1901.34,1880.64,1920.83,1975.77,1973.97,1989.36,1973.63,1981.59,2005.09,1973.13,1972.67,1883.82,1969.81,2024.7,1998.18,2012.51,2009.93,2043.76,2009.91,2093.4,2031.31,1993.93,2044.24,2115.02,2094.67,2152.67,2202.23,2226.66,2101.91,2294.04,2236.8
pry,Paraguay,107.47,112.95,116.23,119.69,122.99,125.91,132.47,137.16,140.98,150.72,160.17,172.13,185.78,201.13,216.13,227.17,239.85,252.28,265.09,275.64,283.9,299.26,317.73,333.11,350.38,370.9,383.98,401.99,411.98,423.02,440.16,457.27,475.34,485.3,506,525.7,543.44,566.19,591.4,620.57,636.9,675.05,616.72,651.45
pse,Palestine,52.7,53.58,54.5,55.66,57.4,59.19,61.22,63.12,65.4,68.14,70.86,73.39,76.44,79.74,83.39,86.94,90.37,94.08,98.68,103.37,108.42,113.83,119.29,125.41,132.12,139.4,147.19,155.3,164.56,175.61,187.81,198.6,207.15,213.54,224.15,233.48,243.32,255.78,265.75,276.14,275.13,290.4,310.97,332.65
qat,Qatar,6.8,7.1,7.35,7.56,7.83,8.17,8.53,8.99,9.52,10.16,10.92,11.53,12.58,13.9,14.52,14.89,15.59,16.85,17.6,18.61,19.91,21.08,22.63,23.85,24.58,25.8,27.27,28.66,30.36,32.68,35.18,36.78,37.89,39.28,41.73,42.86,43.92,45.89,48.16,51.86,53.48,56.27,63.52,75.82
rou,Romania,1950.37,2009.15,2103.03,2152.77,2205.79,2266.08,2340.63,2395.96,2525.62,2567.53,2599.33,2646.05,2667.69,2724.97,2807.85,2949.09,2985.94,2993.96,3078.38,3204.27,3253.03,3321.53,3376.76,3393.88,3437.15,3481.69,3438.83,3409.01,3418.96,3517.22,3547.32,3548.1,3566.98,3670.16,3788.59,3923.04,3946.73,3997.03,3987.27,3922.03,3859.83,3940.45,3914.92,3782.14
rus,Russia,12009.65,11989.98,11912.16,12365.92,13844.28,15943.54,15692.46,15753.54,16151.24,16503.8,17286.32,17883.19,19064.49,20512.47,21325.12,21136.12,21267.52,21753.24,22145.6,22980.72,23534.11,23595.94,24160.21,24660.12,24792.63,24641.16,24324.13,24386.27,24801.66,25129.67,25523.29,25389.23,25280.16,25265.29,25170.68,25789.59,25306.35,24836.89,24695.48,24381.68,24258.93,23614.31,21977.43,22307.39
rwa,Rwanda,245.78,259.01,273.14,291.18,310.95,331.88,351.09,373.09,397.49,421.51,447.51,467.7,484.25,493.03,578.97,414.4,355.04,388.83,412.29,400.51,380.58,359.08,351.65,349.86,366.59,400.19,444.74,474.59,498.89,527.66,548.33,576.96,606.12,646.82,678.4,712.06,739.22,785.63,850.43,929.47,986.83,1073.89,1321.77,1510.07
sau,Saudi Arabia,184.4,187.1,187.18,186.8,187.11,188.65,192.69,198.48,206.6,218.99,233.26,251.27,272.34,296.74,322.65,340.75,359.15,381.8,406.92,434.74,468.35,504.17,545.17,587.59,629.99,687.97,755.62,825.22,894.42,952,994.88,1014,1013.01,998.09,1000.73,970.78,965.45,977.08,977.4,1014.13,1084.13,1145.14,1166.79,1149.16
sdn,Sudan,305.68,319.17,329.49,338.02,350.8,362.18,377.34,388.36,398.04,411.83,424.72,439.23,451.73,466.69,470.86,481.47,491.48,500.51,516.57,522.56,532.56,542.03,553.64,568.67,590.09,606.47,632.73,659.46,697.23,745.1,780.61,815.64,848.02,902.65,963.84,1025.51,1097.65,1174.57,1245.33,1340.98,1494.65,1611.39,1685.14,1751.85
sen,Senegal,129.07,133.36,137.5,143.04,150.89,160.07,165.09,173.05,183.88,204.24,209.65,222.88,232.63,240.92,250.24,252.54,267.43,268.34,278.5,287.58,278.45,379.5,387.79,359.48,381.81,389.89,393.01,429.4,471.92,506.41,481.62,501.9,489.3,519.54,570.9,574.21,642.05,681.13,707.95,829,817.62,846.35,1148.5,1307.02
sgp,Singapore,152.94,157.22,146.21,147.13,154.89,173.1,188.63,195.97,199.85,206.13,216.77,228.67,232.48,247.01,253.09,257.91,270.29,284.93,282.02,305.07,308.45,334.41,340.85,336.24,338.66,355.89,382.73,397.88,417.92,432.88,433.78,448.04,458.4,475.94,473.49,477.52,493.08,510.22,516.87,509.26,509.38,540.24,556.39,584.88
slb,Solomon Islands,9.56,9.77,9.97,10.14,9.96,10.1,10.44,10.72,10.83,11.31,11.7,12.54,12.87,13.54,14.35,14.79,15.56,16.66,17.62,18.28,19.61,19.92,20.43,21.19,21.79,23.25,24.82,25.38,25.9,29.64,30.87,36.91,41.1,45.1,50.78,54.16,55.61,59.69,63.36,68.96,74.48,78.28,89.52,95.4
sle,Sierra Leone,109.92,114.29,119.58,125.2,131.74,138,144.24,151.04,157.35,163.9,170.26,175.68,182.66,185.56,190.62,192.86,190.51,184.19,186.94,182.19,181.77,175.78,177.77,180.22,181.86,188.92,200.47,204.48,209.36,220.13,238.95,253.28,276.63,293.68,308.84,324.86,339.26,362.82,380.11,404.86,414.83,441.29,490.9,544.47
slv,El Salvador,95.29,101.77,109.16,112.77,118.23,122.05,124.48,127.07,130.68,139.59,141.1,148.85,153.45,159.86,166.37,177.61,188.34,200.88,211.46,220.53,231.14,242.9,252.21,263.29,271.93,278.93,287.15,298.17,309.03,314.37,324.19,330.75,357.83,375.84,396.07,409.91,416.64,430.48,451.11,475.09,497.97,548.03,567.29,596.22
smr,San Marino,3.08,3.18,3.26,3.32,3.39,3.45,3.34,3.33,3.39,3.33,3.32,3.34,3.35,3.47,3.55,3.72,3.86,4.03,4.24,4.5,4.45,4.63,4.6,5.05,4.62,4.68,4.72,4.74,4.8,4.82,4.95,4.95,5.06,4.87,4.86,4.81,5.34,5.66,5.61,5.76,5.42,5.65,5.41,6.15
som,Somalia,54.94,60.84,63.3,65.28,69.19,71.43,74.32,77.94,81.22,84.47,87.3,89.93,94.36,94.57,97.92,99.16,102.13,105.74,109.78,114.35,121.7,126.3,131.93,136.46,143.91,151.57,158.63,167.31,173.89,183.72,192.31,200.43,207.37,215.73,229.84,246.02,264.73,283.5,303.77,327.76,313.58,374.15,397.81,433.35
srb,Serbia,1247.47,1264.57,1268.83,1341.44,1343.87,1348.01,1359.64,1393.75,1418.75,1479.68,1512.06,1581.59,1632.66,1700.98,1768.9,1825.64,1901.67,1964.32,2029.23,2084.52,2128.97,2051.68,2105.64,2117.45,2149.38,2197.39,2164.89,2203.45,2217.04,2243.14,2274.3,2270.8,2286.01,2273.66,2302.79,2356.59,2322.32,2389.56,2348.15,2353.91,2394.65,2400.4,2361.24,2392.82
ssd,South Sudan,180.4,182.68,187.59,190.34,190.45,213.76,220.96,225.22,226.57,233.18,233.33,235.71,242.62,246.11,249.6,257,254.74,238.65,244.27,246.59,254.47,245.91,248.31,262,275.41,282.3,307.39,319.58,331.5,352.29,371.44,390.51,413.76,443.13,481.69,518.74,541.18,547.89,564.14,590.68,606.93,615.13,763.72,815.95
stp,Sao Tome and Principe,3.15,3.22,3.29,3.36,3.46,3.57,3.64,3.79,3.86,3.92,3.98,3.9,3.91,3.92,3.93,3.75,3.78,3.85,4.04,4.27,4.17,4.43,4.64,4.82,5.05,5.53,6.05,6.43,6.79,7.29,8.07,8.44,8.78,9.51,10.68,11.49,12.31,13.22,14.09,15.02,16.59,17.38,18.04,19.21
sur,Suriname,17.14,17.06,17.26,17.66,18.09,18.45,19.04,19.65,20.13,20.39,20.96,21.39,22.26,22.87,23.94,24.7,26.21,27.25,27.84,28.48,27.98,28.74,30.59,32.22,33.9,35.48,37.08,38.97,40.68,42.68,44.87,47.33,49.66,50.92,52.44,53.94,54.94,55.84,56.79,58.43,59.49,67.14,62.03,64.45
svk,Slovak Republic,546.29,552.13,564.72,571.32,587.44,599.18,619.89,630.02,648.18,669.52,681.56,696.75,710.83,732.28,761.31,782.05,795.47,809.66,826.15,835.78,845.63,847.1,838.14,834.86,835.72,848.37,860.32,870.69,881.36,892.16,920.54,937.22,964.26,987.16,1005.72,1043.87,1065.64,1090.48,1094.46,1098.79,1115.68,1127.64,1117.77,1101.79
svn,Slovenia,289.72,291.11,293.79,291.71,310.26,325.95,333.07,337.09,342.02,345.37,358.9,373.84,392.8,407.98,398.24,401.44,394.88,403.75,415.79,420.26,418.91,431.86,446.7,427.1,425.83,429.97,434.31,433.14,449.92,453.9,444.41,431.29,426.65,434.1,427.29,438.56,434.97,453.75,466.64,468.1,485.86,459.4,480.18,475.66
swe,Sweden,1592.51,1594.68,1597.4,1589.24,1596.81,1621.61,1611.59,1631.39,1692.88,1675.66,1667.82,1684.15,1697.01,1706.58,1652.83,1701.95,1727.01,1737.29,1752.75,1745.88,1747.34,1747.74,1760.29,1759.32,1780.6,1775.18,1754.88,1730.01,1721.71,1640.95,1665.82,1669.3,1715.36,1716.46,1685.91,1703.61,1698.61,1720.01,1716.77,1663.12,1671.85,1622.01,1693.78,1733.8
swz,Eswatini,36.98,38.16,39.25,40.29,41.55,43.05,44.88,47.07,49.84,53.19,56.75,60.14,63.22,64.19,63.37,59.74,55.1,50.31,46.21,43.87,43.29,46.24,48.76,55.44,63.96,70.11,71.4,67.94,65.9,66.72,67.69,68.43,68.2,67.17,65.53,64.15,65.09,68.13,71.91,76.2,86.92,95.28,97.92,100.43
syc,Seychelles,3.18,3.27,3.33,3.42,3.49,3.52,3.66,3.8,4,4.23,4.5,4.8,5.08,5.39,5.72,6.06,6.46,6.9,7.32,7.71,8.09,8.39,8.73,9.03,9.3,9.5,9.6,9.85,10.08,10.34,10.53,10.67,10.75,10.95,10.91,10.9,11.06,10.95,10.91,11.23,10.92,12.49,12.35,13.5
syr,Syria,131.53,138.46,144.98,151.42,161.23,164.84,173.89,183.7,194.99,207.4,219.54,234.61,250.72,266.73,280.79,294.11,309.19,322.3,330.17,347.83,376.33,400.84,417.75,443.03,448.29,463.47,475.74,499.23,528.11,551.6,583.34,602.45,607.79,606.7,605.33,605.45,617.7,640.3,656.7,682.52,679.8,667.28,743.59,769.72
tcd,Chad,200.43,204.15,208.37,213.4,219.48,223.51,226.63,230.62,233.11,236.69,248.71,250.22,250.58,256.33,249.86,243.92,249.32,252.94,254.17,257.39,264.41,271.5,276.59,281.86,289.48,302.05,314.44,330.23,346.06,366.93,387.67,403.82,416.79,434.16,450.43,474.28,499.87,523.09,554.38,585.81,603.93,621.95,757.41,822.73
tgo,Togo,93.88,96.48,100.06,103.64,106.49,111.08,114.46,118.05,123.16,127.39,132.32,135.91,138.81,140.86,141.82,143.52,145.07,147.31,153.55,157.49,166.47,170.94,177.54,182.85,190.83,200.73,214.71,218.95,239.42,266.58,295.88,320.32,337.74,356.91,371.44,401.45,447.34,508.62,551.93,602.77,628.07,693.68,815.64,884.1
tha,Thailand,1767.24,1887.87,2025.25,2127.69,2160.92,2200.8,2307.46,2451.38,2630.88,2852.87,3066.89,3303.88,3557.94,3788.28,4072.92,4316.82,4270.88,4081.36,4448.81,5353.64,6041.34,6475.03,6600.28,6839.26,7101.24,7169.03,7382.3,7636.07,7757.85,7801.36,7994.27,7911.35,7777.21,7773.52,7788.43,7890.89,7988.54,7792.7,7765.95,8075.46,8169.76,8449.1,9046.88,9161.3
tjk,Tajikistan,164.15,170.67,178.25,186.79,192.19,195.59,201.61,206.07,213.23,221.35,228.8,243.74,251.74,268.57,261.5,247.35,228.82,217.36,213.09,210.02,209.04,212.62,217.36,225.84,225.99,221.87,216.3,212.91,210.06,210.2,211.87,212.73,217.16,220.9,233.32,250.96,268.61,288.85,303.79,334.06,326.85,363.4,450.32,481.3
tkm,Turkmenistan,113.68,114.77,119.67,123.61,128.74,132.92,141.41,145.9,145.5,154.07,156.09,136.37,136.2,149.92,174.49,183.16,190.94,186.14,179.63,159.36,144.61,147.09,151.64,154.92,155.88,162.29,178.67,190.75,191.22,202.31,222.76,238.7,254.45,266.16,275.24,271.69,278.73,291.02,299.72,310.31,319.14,339.85,341.03,347.17
tls,Timor-Leste,11.73,11.89,11.99,12.06,12.21,12.56,12.98,13.49,14.13,14.84,15.95,16.82,17.87,18.86,19.7,20.72,21.61,22.28,23.12,23.41,24.87,25.63,25.79,27.04,26.39,28.48,29.73,31.63,32.38,35.81,38.79,44.61,48.83,51.28,53.62,57.05,60.35,64.03,67.33,70.85,76.37,79.64,84.04,90.33
ton,Tonga,6.01,6.15,6.26,6.36,6.44,6.55,6.67,6.8,6.97,7.2,7.41,7.66,7.88,8.13,8.38,8.63,8.87,9.1,9.39,9.7,9.98,10.24,10.48,10.77,11.15,11.42,11.67,11.86,12.1,12.86,12.65,12.94,13.23,13.55,13.84,14.2,14.66,15.12,15.61,16.14,17.21,19.66,19.29,20.3
tto,Trinidad and Tobago,97.09,93.58,91.82,97.96,106.86,106.5,115.44,122.39,122.14,118.64,123.3,121.2,123.13,130.38,137.71,143.22,147.49,144.79,141.86,140.05,143.54,144.32,154.8,153.5,162.78,162.88,166.01,176.54,178.13,183.42,193.08,197.45,202.03,207.29,213.35,219.61,224.29,231.2,238.33,246.98,256.47,278.96,282.08,298.84
tun,Tunisia,292.55,302.91,315.3,328.32,344.65,363.49,382.18,405.51,428.1,452.7,480.02,511.61,536.96,568.23,600.92,622.57,652.56,682.92,720.77,759.17,787.29,817.71,844.56,874.04,897.73,918.43,940.38,967.84,997.02,1026.44,1055.27,1090.13,1127.13,1156.26,1196.16,1244.08,1294.33,1363.31,1423.83,1513.96,1510.27,1424.99,1673.91,1971.18
tur,Turkey,1549.94,1662.76,1741.31,1800.26,1871.4,1958.72,2056.86,2159.26,2297.14,2482.32,2649.58,2772.72,2912.53,3059.09,3185.01,3301.93,3366.43,3484.23,3609.22,3571.36,3754.83,3834.44,3991.25,4046.1,4106.35,4301.29,4511.71,4579.05,4444.96,4098.65,4066.34,4257.99,4423.43,4711.09,5014.32,5253.6,5493.73,5645.41,5700.02,5957.03,6231.69,6894.83,6833.74,6829.39
tuv,Tuvalu,0.79,0.8,0.81,0.8,0.8,0.81,0.82,0.83,0.85,0.88,0.93,0.97,1.01,1.04,1.09,1.12,1.16,1.19,1.25,1.29,1.33,1.37,1.4,1.43,1.45,1.48,1.52,1.55,1.58,1.61,1.63,1.65,1.68,1.7,1.71,1.72,1.76,1.76,1.78,1.82,1.84,1.94,1.87,1.88
tza,Tanzania,800.56,844.22,877,915.36,944.69,970.36,991.16,1003.44,1014.28,1012.22,1008.62,1025.38,1060.33,1079.29,1110.8,1148.35,1196.51,1263.03,1307.66,1330.52,1370.07,1419.13,1470.72,1507.78,1552.09,1580.02,1633.59,1725.56,1804.59,1845.46,1935.07,2003.72,2107.82,2220.4,2243.64,2257.13,2240.65,2281.75,2305.72,2326.88,2402.66,2785.96,2521.95,2848.99
uga,Uganda,579.48,541.43,621.73,609.93,580.57,545.77,527.28,526.43,531.27,576.41,606.32,666.65,698.55,743.54,790.57,831.99,875.64,917.4,967.77,1015.66,1098,1126.91,1158.74,1178.04,1212.24,1260.7,1314.91,1353.28,1410.39,1467.26,1497.69,1566.53,1726.66,1929.09,2050.32,2201.78,2311.65,2468.33,2668.01,2871.42,3042.08,3591.31,3927.48,4387.49
ukr,Ukraine,5554.7,5589.63,5720.04,5947.14,6325.6,6384.08,6411.69,6504.61,6763.92,7152.68,7611.36,8078.9,8506.21,9008.88,9289.7,9408.6,9267.18,9025.98,8918.28,9165.84,9393.95,9490.87,9757.44,10005.98,9767.75,8763.6,8511.18,8371.05,8406.03,8474.67,8427.69,8316.12,8455.81,8497.65,7830.53,7354.48,7263.74,7353.16,7133.23,7193.71,7412.9,6875.98,6634.52,6668.8
ury,Uruguay,618.71,624.87,614.12,640.27,669.96,684.96,703.9,716.43,756.3,746.24,755.24,758.17,763.28,776.21,783.45,791.46,799.73,804.28,833.04,824.67,826.95,805.15,822.9,827.09,842.6,867.97,866.41,849.36,823.3,831.58,848,858.27,842.64,852.42,845.12,871.73,890.48,878.2,910.25,921.63,852,934.18,1042.41,990.94
usa,USA,41167.87,42083.7,42836.36,44051.1,45295.87,46403.05,47148.26,47735.54,48916.38,48848.56,48852.02,49146.98,48958.24,50116.01,50044.39,50263.35,49680.71,48689.74,48370.4,48773.82,48872.23,48713.22,48932.03,48947.98,48022.69,48510.47,47945.27,47660.53,48485.95,48188.74,48745.75,49072.87,49241.15,49506.29,49673.47,50505.02,50510.46,51222.98,51251.98,51066.75,52210.61,51622.85,52311.15,52158.79
uzb,Uzbekistan,663.53,676.31,694.92,707.26,737.51,736.74,787.73,819.9,847.17,864.17,874.82,891.02,937.1,1005.09,1024.19,1023.42,1038.33,1028.29,1059.83,1090.07,1124.42,1124.81,1134.29,1151.84,1035.91,1042.47,1092.95,1149.07,1203.69,1214.84,1271.91,1312.35,1374.7,1461.07,1526.47,1611,1701.71,1837.2,1844.17,1819.56,1732.89,1692.18,1797.37,1854.1
vct,St. Vincent and the Grenadines,8.11,8.33,8.55,8.85,9.35,9.04,8.51,9.18,9.57,10.03,10.47,10.86,11.23,11.59,12,12.08,12.2,12.1,11.77,12.01,12.52,13.21,13.26,13,13.51,13.45,13.15,13.36,14.42,15.08,15.89,17.31,18.39,18.6,18.57,18.48,18.63,18.96,19.41,20.43,20.2,19.36,20.21,21.44
ven,Venezuela,451.09,481.95,505.74,557.22,573.73,585.41,636.57,674.59,709.62,734.6,803.38,857.94,917.06,943.08,1008.89,1045.86,1060.59,1093.22,1112.86,1243.48,1198.86,1272.46,1358.49,1455.95,1528.9,1558.46,1583.16,1643.52,1717.88,1832.99,1943.18,2098.81,2216.99,2279.69,2431.35,2615.17,2771.27,2915.05,3207.25,3519.05,3645.6,3758.21,3966.12,4108.45
vnm,Vietnam,1346.68,1381.69,1411.97,1439.02,1467.84,1498.59,1537.24,1579.94,1635.03,1700.14,1765.59,1850.29,1945.43,2040.85,2140.26,2234.59,2333.5,2443.28,2563.75,2652.01,2749.31,2865.83,3002.89,3158.03,3328.19,3510.49,3700.54,3932.19,4179.28,4435.44,4709.72,4961.39,5211.39,5478.68,5757.62,6059.06,6370.2,6630.49,6908.05,7223.14,7487.71,7553.16,8023.8,8546.45
vut,Vanuatu,2.77,2.84,2.93,2.89,2.93,2.99,3.08,3.17,3.32,3.46,3.66,4.07,4.41,4.71,5.31,5.3,5.68,5.93,6.24,6.67,6.47,6.97,6.52,6.31,6.62,7.52,8.09,8.97,9.72,10.08,10.58,11.55,12.2,12.98,13.8,14.5,15.27,16.09,17,17.9,18.9,19.22,21.45,23.11
wsm,Samoa,4,4.05,4.07,4.06,3.94,3.98,4.04,4.12,4.23,4.38,4.52,4.71,4.89,5.08,5.28,5.52,5.79,6.06,6.37,6.67,6.95,7.25,7.53,7.76,7.96,8.11,8.25,8.33,8.4,8.47,8.46,8.52,8.57,8.67,8.77,8.92,9.13,9.38,9.65,10.3,10.3,11.18,11.72,12.69
yem,Yemen,95.21,97.13,99.27,101.23,103.64,105.91,108.82,111.35,113.75,116.88,120.37,123.26,126.86,129.73,133.99,136.62,140.38,144.89,149.51,158.82,166.73,174.75,182.82,195.29,212.36,227.52,243.1,256.79,280.2,296.51,306.63,329.49,344.68,375.43,403.3,429.37,447.93,476.28,490.24,518.1,538.64,558.56,638.49,711.72
zaf,South Africa,1413.16,1446.9,1478.21,1484.74,1483.53,1553.03,1526.69,1532.15,1641.3,1679.71,1807.23,1897.37,1932.24,2178.28,2335.74,2503.23,2751.11,2693.51,2784.71,2736,2674.83,2659,2650.16,2660.74,2643.87,2806.9,3053.66,3326.04,3632.18,4043.01,4401.78,4748.48,5046.02,5368.98,5655.52,5846.86,5981.41,6116.14,6284.3,6097.68,5726.93,5849.51,6538.62,7301.55
zmb,Zambia,290.33,304.79,316.52,330.51,344.63,360.43,369.52,376.42,377.95,372.19,365.28,362.94,360.5,360.9,363.05,368.54,377.73,387.38,397.55,409.95,423.48,455.18,464.92,466.71,473.04,499.78,532.08,563.71,626.87,687.36,731.67,780.09,814.13,842.76,881.64,942.11,1011.17,1082.16,1148.43,1243.98,1347.81,1563.37,1751.87,1977.99
zwe,Zimbabwe,211.42,219.72,227.01,233.07,239.27,244.42,247.16,241.64,230.12,216.72,206.89,207.27,227.18,236.72,261.68,280.98,305.11,333.64,358.59,381.19,399.57,438.78,480.75,523.25,544.47,535.04,522.85,497.96,524.59,533.16,542.16,604.17,634.76,644.57,650.17,676.6,700.14,704.98,732.28,757.87,772.53,920.94,800.93,814.82
